[{"username":"erfangh","password":"1234","email":"erfan@gmail.com","gender":"male","isLoggedIn":false},{"username":"mohammadamin","password":"12345","email":"mohammadamin@gmail.com","gender":"male","isLoggedIn":false},{"username":"alireza","password":"123456","email":"alireza@gmail.com","gender":"male","isLoggedIn":false},{"username":"mohammadreza","password":"1234567","email":"mohammadreza@gmail.com","gender":"male","isLoggedIn":false},{"username":"mohammadAli","password":"dg3tv34vt34vt","email":"mohammadalirajab.a@gmail.com","gender":"male"}]